,mun_obr_oktmo,mkd_code,subject_rf,service_code,cost_plan,cost_conclusion_contract,fact_date_services_finished,service_type,square,overhaul_funds_spent_all,value_cost,value_competition
336378,11851000,2300300,Ненецкий автономный округ,11,1313425.13,1976324.7,21.11.2016,Ремонт фундаментов,559.8,"8643,88836",3530.4121114683817,50.47105882617002
335756,11851000,1205411,Ненецкий автономный округ,11,1346352.19,1884205.61,08.12.2017,Ремонт фундаментов,603.2,"12223,11951",3123.6830404509283,39.94893936333257
336218,11851000,2101111,Ненецкий автономный округ,11,3953473.62,4681041.93,10.10.2017,Ремонт фундаментов,792.2,"14459,33839",5908.914327190103,18.40326709957911
335733,11851000,1205212,Ненецкий автономный округ,11,3880607.51,3885296.68,20.12.2016,Ремонт фундаментов,637.0,"22025,82218",6099.366844583988,0.12083597704526383
335524,11851000,1202800,Ненецкий автономный округ,11,1539012.68,1539012.68,18.12.2018,Ремонт фундаментов,485.2,"6541,53607",3171.9140148392416,0.0
334842,11851000,200100,Ненецкий автономный округ,11,4912891.03,4759295.38,19.12.2016,Ремонт фундаментов,837.4,"16164,46674",5683.419369476953,-3.1263801509556433
334824,11851000,5700300,Ненецкий автономный округ,11,3405475.64,3062898.51,24.11.2017,Ремонт фундаментов,523.7,"8563,22417",5848.574584685888,-10.059597137508824
335157,11851000,602400,Ненецкий автономный округ,11,3421147.64,2876905.63,24.11.2017,Ремонт фундаментов,528.5,"9941,94784",5443.53004730369,-15.908170803175281
335142,11851000,602100,Ненецкий автономный округ,11,3443422.87,2848641.47,24.11.2017,Ремонт фундаментов,525.7,"9918,40416",5418.75874072665,-17.27297002008934
334807,11851000,5700200,Ненецкий автономный округ,11,3419152.16,2746641.95,15.09.2017,Ремонт фундаментов,540.1,"9887,94010",5085.432234771339,-19.66891727918888
334804,11851000,5700100,Ненецкий автономный округ,11,0.0,,,Ремонт фундаментов,520.4,"0,00000",,
334810,11851000,5700200,Ненецкий автономный округ,11,0.0,,,Ремонт фундаментов,540.1,"9887,94010",,
334828,11851000,5700300,Ненецкий автономный округ,11,0.0,,,Ремонт фундаментов,523.7,"8563,22417",,
334829,11851000,5700500,Ненецкий автономный округ,11,0.0,,,Ремонт фундаментов,586.5,"0,00000",,
334845,11851000,200100,Ненецкий автономный округ,11,0.0,,,Ремонт фундаментов,837.4,"16164,46674",,
334858,11851000,201000,Ненецкий автономный округ,11,0.0,,,Ремонт фундаментов,583.6,"0,00000",,
334862,11851000,201000,Ненецкий автономный округ,11,0.0,,,Ремонт фундаментов,583.6,"0,00000",,
334864,11851000,201200,Ненецкий автономный округ,11,0.0,,,Ремонт фундаментов,852.7,"0,00000",,
334871,11851000,201200,Ненецкий автономный округ,11,0.0,,,Ремонт фундаментов,852.7,"0,00000",,
334874,11851000,201300,Ненецкий автономный округ,9,0.0,,,Ремонт фундаментов,2596.2,"0,00000",,
334881,11851000,200200,Ненецкий автономный округ,11,0.0,,,Ремонт фундаментов,803.0,"0,00000",,
334886,11851000,200200,Ненецкий автономный округ,11,0.0,,,Ремонт фундаментов,803.0,"0,00000",,
334893,11851000,200400,Ненецкий автономный округ,11,0.0,,,Ремонт фундаментов,825.3,"0,00000",,
334899,11851000,200400,Ненецкий автономный округ,11,0.0,,,Ремонт фундаментов,825.3,"0,00000",,
334901,11851000,200600,Ненецкий автономный округ,11,0.0,,,Ремонт фундаментов,574.7,"0,00000",,
334907,11851000,200600,Ненецкий автономный округ,11,0.0,,,Ремонт фундаментов,574.7,"0,00000",,
334920,11851000,200800,Ненецкий автономный округ,11,0.0,,,Ремонт фундаментов,581.5,"0,00000",,
334926,11851000,200800,Ненецкий автономный округ,11,0.0,,,Ремонт фундаментов,581.5,"0,00000",,
334930,11851000,200900,Ненецкий автономный округ,11,0.0,,,Ремонт фундаментов,580.0,"0,00000",,
334936,11851000,200900,Ненецкий автономный округ,11,0.0,,,Ремонт фундаментов,580.0,"0,00000",,
334947,11851000,4201000,Ненецкий автономный округ,11,0.0,,,Ремонт фундаментов,581.4,"0,00000",,
334953,11851000,4201000,Ненецкий автономный округ,11,0.0,,,Ремонт фундаментов,581.4,"0,00000",,
334960,11851000,4200200,Ненецкий автономный округ,11,0.0,,,Ремонт фундаментов,994.5,"0,00000",,
334967,11851000,4200200,Ненецкий автономный округ,11,0.0,,,Ремонт фундаментов,994.5,"0,00000",,
334975,11851000,4200400,Ненецкий автономный округ,11,0.0,,,Ремонт фундаментов,535.8,"1381,02338",,
334979,11851000,4200500,Ненецкий автономный округ,11,0.0,,,Ремонт фундаментов,555.7,"0,00000",,
334987,11851000,4200500,Ненецкий автономный округ,11,0.0,,,Ремонт фундаментов,555.7,"0,00000",,
334992,11851000,4200700,Ненецкий автономный округ,11,0.0,,,Ремонт фундаментов,554.7,"0,00000",,
334997,11851000,4200700,Ненецкий автономный округ,11,0.0,,,Ремонт фундаментов,554.7,"0,00000",,
335008,11851000,4200800,Ненецкий автономный округ,11,0.0,,,Ремонт фундаментов,576.4,"0,00000",,
335009,11851000,4200800,Ненецкий автономный округ,11,0.0,,,Ремонт фундаментов,576.4,"0,00000",,
335015,11851000,4200900,Ненецкий автономный округ,11,0.0,,,Ремонт фундаментов,581.9,"0,00000",,
335020,11851000,4200900,Ненецкий автономный округ,11,0.0,,,Ремонт фундаментов,581.9,"0,00000",,
335026,11851000,6400200,Ненецкий автономный округ,9,0.0,,,Ремонт фундаментов,10874.9,"0,00000",,
335032,11851000,6400300,Ненецкий автономный округ,9,0.0,,,Ремонт фундаментов,3117.4,"0,00000",,
335039,11851000,6400600,Ненецкий автономный округ,9,0.0,,,Ремонт фундаментов,8251.2,"0,00000",,
335044,11851000,6400800,Ненецкий автономный округ,9,0.0,,,Ремонт фундаментов,6611.4,"0,00000",,
335047,11851000,9402121,Ненецкий автономный округ,9,0.0,,,Ремонт фундаментов,2133.3,"0,00000",,
335051,11851000,9402122,Ненецкий автономный округ,9,0.0,,,Ремонт фундаментов,2153.7,"0,00000",,
335056,11851000,9402123,Ненецкий автономный округ,9,0.0,,,Ремонт фундаментов,2147.4,"0,00000",,
335058,11851000,102200,Ненецкий автономный округ,9,0.0,,,Ремонт фундаментов,6141.8,"0,00000",,
335065,11851000,102421,Ненецкий автономный округ,9,0.0,,,Ремонт фундаментов,2264.2,"0,00000",,
335070,11851000,102422,Ненецкий автономный округ,9,0.0,,,Ремонт фундаментов,2277.7,"0,00000",,
335075,11851000,102600,Ненецкий автономный округ,9,0.0,,,Ремонт фундаментов,3881.2,"0,00000",,
335083,11851000,100300,Ненецкий автономный округ,11,0.0,,,Ремонт фундаментов,413.7,"0,00000",,
335092,11851000,100500,Ненецкий автономный округ,11,0.0,,,Ремонт фундаментов,433.0,"0,00000",,
335104,11851000,100500,Ненецкий автономный округ,11,0.0,,,Ремонт фундаментов,433.0,"0,00000",,
335110,11851000,100800,Ненецкий автономный округ,11,0.0,,,Ремонт фундаментов,589.1,"0,00000",,
335118,11851000,100800,Ненецкий автономный округ,11,0.0,,,Ремонт фундаментов,589.1,"0,00000",,
335119,11851000,601100,Ненецкий автономный округ,9,0.0,,,Ремонт фундаментов,1040.5,"0,00000",,
335126,11851000,601300,Ненецкий автономный округ,11,0.0,,,Ремонт фундаментов,560.3,"0,00000",,
335133,11851000,601600,Ненецкий автономный округ,9,0.0,,,Ремонт фундаментов,1040.5,"0,00000",,
335138,11851000,602100,Ненецкий автономный округ,11,0.0,,,Ремонт фундаментов,525.7,"9918,40416",,
335153,11851000,602400,Ненецкий автономный округ,11,0.0,,,Ремонт фундаментов,528.5,"9941,94784",,
335167,11851000,600400,Ненецкий автономный округ,11,0.0,,,Ремонт фундаментов,630.9,"0,00000",,
335175,11851000,702100,Ненецкий автономный округ,11,0.0,,,Ремонт фундаментов,635.4,"0,00000",,
335184,11851000,702300,Ненецкий автономный округ,11,0.0,,,Ремонт фундаментов,920.0,"0,00000",,
335186,11851000,702300,Ненецкий автономный округ,11,0.0,,,Ремонт фундаментов,920.0,"0,00000",,
335196,11851000,4900100,Ненецкий автономный округ,11,0.0,,,Ремонт фундаментов,830.0,"0,00000",,
335199,11851000,4900100,Ненецкий автономный округ,9,0.0,,,Ремонт фундаментов,830.0,"0,00000",,
335205,11851000,4901000,Ненецкий автономный округ,11,0.0,,,Ремонт фундаментов,573.0,"0,00000",,
335209,11851000,4901200,Ненецкий автономный округ,9,0.0,,,Ремонт фундаментов,848.8,"0,00000",,
335229,11851000,4900200,Ненецкий автономный округ,11,0.0,,,Ремонт фундаментов,796.2,"0,00000",,
335236,11851000,4900400,Ненецкий автономный округ,11,0.0,,,Ремонт фундаментов,843.2,"0,00000",,
335247,11851000,4904311,Ненецкий автономный округ,11,0.0,,,Ремонт фундаментов,1068.6,"0,00000",,
335251,11851000,4904600,Ненецкий автономный округ,11,0.0,,,Ремонт фундаментов,586.3,"0,00000",,
335257,11851000,4904600,Ненецкий автономный округ,11,0.0,,,Ремонт фундаментов,586.3,"0,00000",,
335263,11851000,4904800,Ненецкий автономный округ,11,0.0,,,Ремонт фундаментов,882.0,"0,00000",,
335270,11851000,4904811,Ненецкий автономный округ,11,0.0,,,Ремонт фундаментов,815.0,"0,00000",,
335272,11851000,4904811,Ненецкий автономный округ,11,0.0,,,Ремонт фундаментов,815.0,"0,00000",,
335285,11851000,4904812,Ненецкий автономный округ,11,0.0,,,Ремонт фундаментов,823.0,"0,00000",,
335293,11851000,4904813,Ненецкий автономный округ,11,0.0,,,Ремонт фундаментов,845.3,"0,00000",,
335297,11851000,4904814,Ненецкий автономный округ,11,0.0,,,Ремонт фундаментов,824.5,"0,00000",,
335311,11851000,4904815,Ненецкий автономный округ,11,0.0,,,Ремонт фундаментов,836.6,"0,00000",,
335318,11851000,4900800,Ненецкий автономный округ,11,0.0,,,Ремонт фундаментов,578.1,"0,00000",,
335321,11851000,5000100,Ненецкий автономный округ,9,0.0,,,Ремонт фундаментов,1245.0,"0,00000",,
335326,11851000,5000100,Ненецкий автономный округ,11,0.0,,,Ремонт фундаментов,1245.0,"0,00000",,
335331,11851000,5000200,Ненецкий автономный округ,9,0.0,,,Ремонт фундаментов,865.4,"0,00000",,
335335,11851000,5000200,Ненецкий автономный округ,11,0.0,,,Ремонт фундаментов,865.4,"0,00000",,
335339,11851000,5000300,Ненецкий автономный округ,9,0.0,,,Ремонт фундаментов,1234.2,"0,00000",,
335341,11851000,5000300,Ненецкий автономный округ,11,0.0,,,Ремонт фундаментов,1234.2,"0,00000",,
335346,11851000,5000311,Ненецкий автономный округ,9,0.0,,,Ремонт фундаментов,1259.2,"0,00000",,
335350,11851000,5000400,Ненецкий автономный округ,11,0.0,,,Ремонт фундаментов,842.9,"0,00000",,
335355,11851000,5000400,Ненецкий автономный округ,9,0.0,,,Ремонт фундаментов,842.9,"0,00000",,
335359,11851000,5000500,Ненецкий автономный округ,9,0.0,,,Ремонт фундаментов,751.8,"0,00000",,
335361,11851000,5000500,Ненецкий автономный округ,11,0.0,,,Ремонт фундаментов,751.8,"0,00000",,
335369,11851000,5000511,Ненецкий автономный округ,11,0.0,,,Ремонт фундаментов,595.4,"0,00000",,
335379,11851000,5000800,Ненецкий автономный округ,9,0.0,,,Ремонт фундаментов,800.6,"0,00000",,
335386,11851000,5000900,Ненецкий автономный округ,9,0.0,,,Ремонт фундаментов,4070.9,"0,00000",,
335391,11851000,3300700,Ненецкий автономный округ,9,0.0,,,Ремонт фундаментов,11959.1,"0,00000",,
335400,11851000,5500300,Ненецкий автономный округ,9,0.0,,,Ремонт фундаментов,1012.5,"0,00000",,
335403,11851000,5500400,Ненецкий автономный округ,9,0.0,,,Ремонт фундаментов,1883.6,"0,00000",,
335419,11851000,5500500,Ненецкий автономный округ,11,0.0,,,Ремонт фундаментов,833.0,"0,00000",,
335426,11851000,5500600,Ненецкий автономный округ,11,0.0,,,Ремонт фундаментов,806.1,"0,00000",,
335436,11851000,5500800,Ненецкий автономный округ,11,0.0,,,Ремонт фундаментов,795.5,"0,00000",,
335444,11851000,7200400,Ненецкий автономный округ,9,0.0,,,Ремонт фундаментов,11897.5,"0,00000",,
335453,11851000,1201600,Ненецкий автономный округ,9,0.0,,,Ремонт фундаментов,861.5,"0,00000",,
335456,11851000,1201600,Ненецкий автономный округ,11,0.0,,,Ремонт фундаментов,861.5,"0,00000",,
335458,11851000,1201800,Ненецкий автономный округ,11,0.0,,,Ремонт фундаментов,655.2,"0,00000",,
335461,11851000,1201800,Ненецкий автономный округ,9,0.0,,,Ремонт фундаментов,655.2,"0,00000",,
335470,11851000,1201900,Ненецкий автономный округ,9,0.0,,,Ремонт фундаментов,6752.6,"0,00000",,
335483,11851000,1202111,Ненецкий автономный округ,9,0.0,,,Ремонт фундаментов,9632.7,"0,00000",,
335490,11851000,1202311,Ненецкий автономный округ,9,0.0,,,Ремонт фундаментов,10073.3,"0,00000",,
335501,11851000,1202700,Ненецкий автономный округ,9,0.0,,,Ремонт фундаментов,4777.8,"0,00000",,
335511,11851000,1202711,Ненецкий автономный округ,9,0.0,,,Ремонт фундаментов,3753.5,"0,00000",,
335519,11851000,1202712,Ненецкий автономный округ,9,0.0,,,Ремонт фундаментов,3550.5,"0,00000",,
335538,11851000,1202800,Ненецкий автономный округ,11,0.0,,,Ремонт фундаментов,485.2,"6541,53607",,
335541,11851000,1202900,Ненецкий автономный округ,9,0.0,,,Ремонт фундаментов,8313.0,"0,00000",,
335551,11851000,1202912,Ненецкий автономный округ,9,0.0,,,Ремонт фундаментов,11157.5,"0,00000",,
335554,11851000,1203111,Ненецкий автономный округ,9,0.0,,,Ремонт фундаментов,3396.3,"0,00000",,
335578,11851000,1203312,Ненецкий автономный округ,9,0.0,,,Ремонт фундаментов,10952.4,"0,00000",,
335582,11851000,1203500,Ненецкий автономный округ,9,0.0,,,Ремонт фундаментов,3576.9,"0,00000",,
335593,11851000,1203512,Ненецкий автономный округ,9,0.0,,,Ремонт фундаментов,8603.4,"0,00000",,
335601,11851000,1203700,Ненецкий автономный округ,9,0.0,,,Ремонт фундаментов,3630.5,"0,00000",,
335612,11851000,1203800,Ненецкий автономный округ,9,0.0,,,Ремонт фундаментов,9417.7,"0,00000",,
335614,11851000,1203900,Ненецкий автономный округ,9,0.0,,,Ремонт фундаментов,5505.5,"0,00000",,
335630,11851000,1204100,Ненецкий автономный округ,9,0.0,,,Ремонт фундаментов,3146.4,"0,00000",,
335631,11851000,1204111,Ненецкий автономный округ,9,0.0,,,Ремонт фундаментов,3145.3,"0,00000",,
335644,11851000,1204112,Ненецкий автономный округ,9,0.0,,,Ремонт фундаментов,4417.8,"0,00000",,
335656,11851000,1204600,Ненецкий автономный округ,9,0.0,,,Ремонт фундаментов,2117.3,"0,00000",,
335662,11851000,1204800,Ненецкий автономный округ,9,0.0,,,Ремонт фундаментов,613.0,"0,00000",,
335671,11851000,1204911,Ненецкий автономный округ,11,0.0,,,Ремонт фундаментов,598.7,"0,00000",,
335677,11851000,1204911,Ненецкий автономный округ,11,0.0,,,Ремонт фундаментов,598.7,"0,00000",,
335686,11851000,1200500,Ненецкий автономный округ,9,0.0,,,Ремонт фундаментов,3420.8,"0,00000",,
335696,11851000,1205000,Ненецкий автономный округ,11,0.0,,,Ремонт фундаментов,795.5,"0,00000",,
335702,11851000,1205200,Ненецкий автономный округ,11,0.0,,,Ремонт фундаментов,797.8,"0,00000",,
335705,11851000,1205200,Ненецкий автономный округ,11,0.0,,,Ремонт фундаментов,797.8,"0,00000",,
335716,11851000,1205211,Ненецкий автономный округ,11,0.0,,,Ремонт фундаментов,628.2,"0,00000",,
335722,11851000,1205211,Ненецкий автономный округ,11,0.0,,,Ремонт фундаментов,628.2,"0,00000",,
335727,11851000,1205212,Ненецкий автономный округ,11,0.0,,,Ремонт фундаментов,637.0,"22025,82218",,
335744,11851000,1205400,Ненецкий автономный округ,11,0.0,,,Ремонт фундаментов,778.9,"8959,45937",,
335750,11851000,1205411,Ненецкий автономный округ,11,0.0,,,Ремонт фундаментов,603.2,"12223,11951",,
335763,11851000,1205500,Ненецкий автономный округ,11,0.0,,,Ремонт фундаментов,612.0,"0,00000",,
335773,11851000,1205500,Ненецкий автономный округ,11,0.0,,,Ремонт фундаментов,612.0,"0,00000",,
335778,11851000,1205611,Ненецкий автономный округ,11,0.0,,,Ремонт фундаментов,638.1,"0,00000",,
335793,11851000,1205612,Ненецкий автономный округ,11,0.0,,,Ремонт фундаментов,562.9,"0,00000",,
335798,11851000,1205612,Ненецкий автономный округ,11,0.0,,,Ремонт фундаментов,562.9,"0,00000",,
335803,11851000,7300100,Ненецкий автономный округ,9,0.0,,,Ремонт фундаментов,8616.04,"0,00000",,
335807,11851000,7300300,Ненецкий автономный округ,9,0.0,,,Ремонт фундаментов,19318.72,"0,00000",,
335815,11851000,501000,Ненецкий автономный округ,9,0.0,,,Ремонт фундаментов,4727.8,"0,00000",,
335824,11851000,501200,Ненецкий автономный округ,9,0.0,,,Ремонт фундаментов,6396.0,"0,00000",,
335833,11851000,501400,Ненецкий автономный округ,9,0.0,,,Ремонт фундаментов,6781.6,"0,00000",,
335840,11851000,502200,Ненецкий автономный округ,9,0.0,,,Ремонт фундаментов,3582.0,"0,00000",,
335845,11851000,503300,Ненецкий автономный округ,9,0.0,,,Ремонт фундаментов,3403.5,"0,00000",,
335856,11851000,503600,Ненецкий автономный округ,9,0.0,,,Ремонт фундаментов,4446.1,"0,00000",,
335860,11851000,900100,Ненецкий автономный округ,11,0.0,,,Ремонт фундаментов,576.1,"0,00000",,
335868,11851000,900100,Ненецкий автономный округ,11,0.0,,,Ремонт фундаментов,576.1,"0,00000",,
335873,11851000,901000,Ненецкий автономный округ,11,0.0,,,Ремонт фундаментов,841.8,"0,00000",,
335885,11851000,901200,Ненецкий автономный округ,11,0.0,,,Ремонт фундаментов,828.6,"0,00000",,
335888,11851000,901200,Ненецкий автономный округ,11,0.0,,,Ремонт фундаментов,828.6,"0,00000",,
335900,11851000,901211,Ненецкий автономный округ,11,0.0,,,Ремонт фундаментов,844.8,"0,00000",,
335901,11851000,901211,Ненецкий автономный округ,11,0.0,,,Ремонт фундаментов,844.8,"0,00000",,
335909,11851000,901300,Ненецкий автономный округ,11,0.0,,,Ремонт фундаментов,841.4,"0,00000",,
335914,11851000,900200,Ненецкий автономный округ,11,0.0,,,Ремонт фундаментов,578.2,"0,00000",,
335918,11851000,900200,Ненецкий автономный округ,11,0.0,,,Ремонт фундаментов,578.2,"0,00000",,
335926,11851000,900300,Ненецкий автономный округ,11,0.0,,,Ремонт фундаментов,563.2,"0,00000",,
335934,11851000,900400,Ненецкий автономный округ,11,0.0,,,Ремонт фундаментов,591.0,"4177,87207",,
335942,11851000,900700,Ненецкий автономный округ,11,0.0,,,Ремонт фундаментов,1046.7,"0,00000",,
335951,11851000,900800,Ненецкий автономный округ,11,0.0,,,Ремонт фундаментов,828.2,"0,00000",,
335953,11851000,900811,Ненецкий автономный округ,11,0.0,,,Ремонт фундаментов,833.5,"0,00000",,
335967,11851000,900900,Ненецкий автономный округ,11,0.0,,,Ремонт фундаментов,586.4,"0,00000",,
335978,11851000,5400112,Ненецкий автономный округ,11,0.0,,,Ремонт фундаментов,563.0,"0,00000",,
335983,11851000,5400300,Ненецкий автономный округ,11,0.0,,,Ремонт фундаментов,1084.6,"0,00000",,
335999,11851000,5400311,Ненецкий автономный округ,11,0.0,,,Ремонт фундаментов,554.4,"0,00000",,
336007,11851000,5400312,Ненецкий автономный округ,11,0.0,,,Ремонт фундаментов,1008.3,"0,00000",,
336015,11851000,5400500,Ненецкий автономный округ,11,0.0,,,Ремонт фундаментов,820.8,"0,00000",,
336022,11851000,5400511,Ненецкий автономный округ,11,0.0,,,Ремонт фундаментов,563.4,"0,00000",,
336032,11851000,4701100,Ненецкий автономный округ,9,0.0,,,Ремонт фундаментов,4593.3,"0,00000",,
336038,11851000,4700200,Ненецкий автономный округ,9,0.0,,,Ремонт фундаментов,3807.4,"0,00000",,
336048,11851000,4700900,Ненецкий автономный округ,9,0.0,,,Ремонт фундаментов,3107.5,"0,00000",,
336053,11851000,1000200,Ненецкий автономный округ,11,0.0,,,Ремонт фундаментов,552.1,"4112,09563",,
336062,11851000,1501000,Ненецкий автономный округ,11,0.0,,,Ремонт фундаментов,867.0,"0,00000",,
336065,11851000,1501000,Ненецкий автономный округ,11,0.0,,,Ремонт фундаментов,867.0,"0,00000",,
336071,11851000,1501011,Ненецкий автономный округ,9,0.0,,,Ремонт фундаментов,2662.9,"0,00000",,
336091,11851000,1501200,Ненецкий автономный округ,9,0.0,,,Ремонт фундаментов,728.6,"0,00000",,
336099,11851000,1501300,Ненецкий автономный округ,11,0.0,,,Ремонт фундаментов,3181.5,"0,00000",,
336105,11851000,1501300,Ненецкий автономный округ,9,0.0,,,Ремонт фундаментов,3181.5,"0,00000",,
336108,11851000,1501600,Ненецкий автономный округ,9,0.0,,,Ремонт фундаментов,846.6,"0,00000",,
336111,11851000,1501600,Ненецкий автономный округ,11,0.0,,,Ремонт фундаментов,846.6,"0,00000",,
336118,11851000,1501800,Ненецкий автономный округ,9,0.0,,,Ремонт фундаментов,853.2,"0,00000",,
336124,11851000,1501800,Ненецкий автономный округ,11,0.0,,,Ремонт фундаментов,853.2,"0,00000",,
336127,11851000,1500200,Ненецкий автономный округ,11,0.0,,,Ремонт фундаментов,593.0,"0,00000",,
336137,11851000,1502000,Ненецкий автономный округ,9,0.0,,,Ремонт фундаментов,2274.4,"0,00000",,
336147,11851000,1500400,Ненецкий автономный округ,11,0.0,,,Ремонт фундаментов,590.9,"0,00000",,
336154,11851000,1500400,Ненецкий автономный округ,11,0.0,,,Ремонт фундаментов,590.9,"0,00000",,
336157,11851000,1500411,Ненецкий автономный округ,11,0.0,,,Ремонт фундаментов,867.4,"0,00000",,
336169,11851000,2000200,Ненецкий автономный округ,9,0.0,,,Ремонт фундаментов,1233.6,"0,00000",,
336171,11851000,2002000,Ненецкий автономный округ,9,0.0,,,Ремонт фундаментов,4206.9,"0,00000",,
336179,11851000,2000300,Ненецкий автономный округ,9,0.0,,,Ремонт фундаментов,4939.1,"0,00000",,
336185,11851000,2000400,Ненецкий автономный округ,9,0.0,,,Ремонт фундаментов,1232.5,"0,00000",,
336202,11851000,2101100,Ненецкий автономный округ,11,0.0,,,Ремонт фундаментов,761.7,"0,00000",,
336206,11851000,2101100,Ненецкий автономный округ,11,0.0,,,Ремонт фундаментов,761.7,"0,00000",,
336212,11851000,2101111,Ненецкий автономный округ,11,0.0,,,Ремонт фундаментов,792.2,"14459,33839",,
336228,11851000,2101300,Ненецкий автономный округ,11,0.0,,,Ремонт фундаментов,595.3,"0,00000",,
336231,11851000,2101300,Ненецкий автономный округ,11,0.0,,,Ремонт фундаментов,595.3,"0,00000",,
336244,11851000,2101500,Ненецкий автономный округ,11,0.0,,,Ремонт фундаментов,446.0,"5475,93232",,
336249,11851000,2103000,Ненецкий автономный округ,11,0.0,,,Ремонт фундаментов,562.2,"0,00000",,
336262,11851000,2100700,Ненецкий автономный округ,11,0.0,,,Ремонт фундаментов,314.2,"0,00000",,
336272,11851000,2201000,Ненецкий автономный округ,9,0.0,,,Ремонт фундаментов,12766.9,"0,00000",,
336282,11851000,2200800,Ненецкий автономный округ,9,0.0,,,Ремонт фундаментов,19694.0,"0,00000",,
336286,11851000,2300100,Ненецкий автономный округ,11,0.0,,,Ремонт фундаментов,560.3,"0,00000",,
336294,11851000,2300100,Ненецкий автономный округ,11,0.0,,,Ремонт фундаментов,560.3,"0,00000",,
336304,11851000,2301400,Ненецкий автономный округ,9,0.0,,,Ремонт фундаментов,2843.3,"0,00000",,
336312,11851000,2301500,Ненецкий автономный округ,11,0.0,,,Ремонт фундаментов,852.8,"0,00000",,
336317,11851000,2301600,Ненецкий автономный округ,9,0.0,,,Ремонт фундаментов,2454.9,"0,00000",,
336383,11851000,2300300,Ненецкий автономный округ,11,0.0,,,Ремонт фундаментов,559.8,"8643,88836",,
336389,11851000,2303200,Ненецкий автономный округ,9,0.0,,,Ремонт фундаментов,3924.6,"0,00000",,
336401,11851000,2303400,Ненецкий автономный округ,9,0.0,,,Ремонт фундаментов,5021.8,"0,00000",,
336408,11851000,2702300,Ненецкий автономный округ,11,0.0,,,Ремонт фундаментов,568.6,"4900,93601",,
336417,11851000,2702400,Ненецкий автономный округ,11,0.0,,,Ремонт фундаментов,673.8,"0,00000",,
336420,11851000,2702400,Ненецкий автономный округ,11,0.0,,,Ремонт фундаментов,673.8,"0,00000",,
336432,11851000,2702411,Ненецкий автономный округ,11,0.0,,,Ремонт фундаментов,670.3,"0,00000",,
336437,11851000,2702500,Ненецкий автономный округ,11,0.0,,,Ремонт фундаментов,829.2,"0,00000",,
336445,11851000,2702600,Ненецкий автономный округ,11,0.0,,,Ремонт фундаментов,844.1,"0,00000",,
336454,11851000,2702611,Ненецкий автономный округ,11,0.0,,,Ремонт фундаментов,838.3,"0,00000",,
336461,11851000,2702800,Ненецкий автономный округ,11,0.0,,,Ремонт фундаментов,724.1,"0,00000",,
336471,11851000,2702811,Ненецкий автономный округ,11,0.0,,,Ремонт фундаментов,876.2,"0,00000",,
336478,11851000,2702811,Ненецкий автономный округ,11,0.0,,,Ремонт фундаментов,876.2,"0,00000",,
336479,11851000,2702900,Ненецкий автономный округ,9,0.0,,,Ремонт фундаментов,2895.0,"0,00000",,
336487,11851000,2703000,Ненецкий автономный округ,9,0.0,,,Ремонт фундаментов,1719.8,"0,00000",,
336494,11851000,2800700,Ненецкий автономный округ,11,0.0,,,Ремонт фундаментов,568.9,"0,00000",,
336501,11851000,2800811,Ненецкий автономный округ,9,0.0,,,Ремонт фундаментов,5213.2,"0,00000",,
336502,11851000,3001500,Ненецкий автономный округ,9,0.0,,,Ремонт фундаментов,2736.5,"0,00000",,
336520,11851000,6500700,Ненецкий автономный округ,9,0.0,,,Ремонт фундаментов,6350.6,"0,00000",,
336525,11851000,3401000,Ненецкий автономный округ,11,0.0,,,Ремонт фундаментов,576.4,"0,00000",,
336532,11851000,3401500,Ненецкий автономный округ,11,0.0,,,Ремонт фундаментов,573.5,"0,00000",,
336538,11851000,3401500,Ненецкий автономный округ,11,0.0,,,Ремонт фундаментов,573.5,"0,00000",,
336549,11851000,3401700,Ненецкий автономный округ,11,0.0,,,Ремонт фундаментов,574.8,"0,00000",,
336553,11851000,3401700,Ненецкий автономный округ,11,0.0,,,Ремонт фундаментов,574.8,"0,00000",,
336558,11851000,3401712,Ненецкий автономный округ,9,0.0,,,Ремонт фундаментов,2226.4,"0,00000",,
336563,11851000,3401900,Ненецкий автономный округ,11,0.0,,,Ремонт фундаментов,591.1,"0,00000",,
336570,11851000,3401900,Ненецкий автономный округ,11,0.0,,,Ремонт фундаментов,591.1,"0,00000",,
336573,11851000,3402000,Ненецкий автономный округ,11,0.0,,,Ремонт фундаментов,584.5,"0,00000",,
336592,11851000,3402700,Ненецкий автономный округ,11,0.0,,,Ремонт фундаментов,841.2,"0,00000",,
336654,11851000,3400700,Ненецкий автономный округ,11,0.0,,,Ремонт фундаментов,585.8,"0,00000",,
336657,11851000,3400700,Ненецкий автономный округ,11,0.0,,,Ремонт фундаментов,585.8,"0,00000",,
336665,11851000,3400800,Ненецкий автономный округ,11,0.0,,,Ремонт фундаментов,442.7,"0,00000",,
336671,11851000,3400900,Ненецкий автономный округ,11,0.0,,,Ремонт фундаментов,597.1,"0,00000",,
336681,11851000,3400900,Ненецкий автономный округ,11,0.0,,,Ремонт фундаментов,597.1,"0,00000",,
336687,11851000,3901011,Ненецкий автономный округ,11,0.0,,,Ремонт фундаментов,573.7,"0,00000",,
336693,11851000,3901011,Ненецкий автономный округ,11,0.0,,,Ремонт фундаментов,573.7,"0,00000",,
336698,11851000,3900112,Ненецкий автономный округ,11,0.0,,,Ремонт фундаментов,845.4,"0,00000",,
336703,11851000,3900112,Ненецкий автономный округ,11,0.0,,,Ремонт фундаментов,845.4,"0,00000",,
336706,11851000,3900311,Ненецкий автономный округ,9,0.0,,,Ремонт фундаментов,3779.2,"0,00000",,
336716,11851000,3900312,Ненецкий автономный округ,9,0.0,,,Ремонт фундаментов,7081.7,"0,00000",,
336717,11851000,3905511,Ненецкий автономный округ,11,0.0,,,Ремонт фундаментов,592.4,"0,00000",,
336720,11851000,3905511,Ненецкий автономный округ,11,0.0,,,Ремонт фундаментов,592.4,"0,00000",,
336733,11851000,3900611,Ненецкий автономный округ,9,0.0,,,Ремонт фундаментов,5243.5,"0,00000",,
336734,11851000,3900612,Ненецкий автономный округ,9,0.0,,,Ремонт фундаментов,10215.3,"0,00000",,
336747,11851000,3900812,Ненецкий автономный округ,9,0.0,,,Ремонт фундаментов,2187.4,"0,00000",,
336756,11851000,4400600,Ненецкий автономный округ,11,0.0,,,Ремонт фундаментов,371.9,"0,00000",,
336760,11851000,4400600,Ненецкий автономный округ,11,0.0,,,Ремонт фундаментов,371.9,"0,00000",,
336762,11851000,4400800,Ненецкий автономный округ,11,0.0,,,Ремонт фундаментов,381.2,"0,00000",,
336771,11851000,4500100,Ненецкий автономный округ,11,0.0,,,Ремонт фундаментов,800.2,"1088,71964",,
336778,11851000,4501000,Ненецкий автономный округ,11,0.0,,,Ремонт фундаментов,830.6,"0,00000",,
336786,11851000,4501000,Ненецкий автономный округ,11,0.0,,,Ремонт фундаментов,830.6,"0,00000",,
336795,11851000,4501011,Ненецкий автономный округ,11,0.0,,,Ремонт фундаментов,888.2,"0,00000",,
336799,11851000,4501100,Ненецкий автономный округ,11,0.0,,,Ремонт фундаментов,937.5,"0,00000",,
336807,11851000,4500312,Ненецкий автономный округ,11,0.0,,,Ремонт фундаментов,593.0,"0,00000",,
336814,11851000,4500312,Ненецкий автономный округ,11,0.0,,,Ремонт фундаментов,593.0,"0,00000",,
336821,11851000,4500700,Ненецкий автономный округ,11,0.0,,,Ремонт фундаментов,586.4,"0,00000",,
336827,11851000,4500700,Ненецкий автономный округ,11,0.0,,,Ремонт фундаментов,586.4,"0,00000",,
336830,11851000,4500711,Ненецкий автономный округ,11,3328880.41,,,Ремонт фундаментов,591.8,"0,00000",,
336833,11851000,4500912,Ненецкий автономный округ,9,0.0,,,Ремонт фундаментов,2144.8,"0,00000",,
336842,11851000,4801300,Ненецкий автономный округ,9,0.0,,,Ремонт фундаментов,5280.8,"0,00000",,
336848,11851000,5203411,Ненецкий автономный округ,11,0.0,,,Ремонт фундаментов,831.9,"0,00000",,
336856,11851000,5203411,Ненецкий автономный округ,11,0.0,,,Ремонт фундаментов,831.9,"0,00000",,
336863,11851000,5203611,Ненецкий автономный округ,11,0.0,,,Ремонт фундаментов,819.7,"0,00000",,
336872,11851000,5301600,Ненецкий автономный округ,11,0.0,,,Ремонт фундаментов,805.4,"0,00000",,
336891,11851000,5301611,Ненецкий автономный округ,11,0.0,,,Ремонт фундаментов,779.6,"0,00000",,
336902,11851000,5301800,Ненецкий автономный округ,11,0.0,,,Ремонт фундаментов,604.0,"0,00000",,
336917,11851000,5301811,Ненецкий автономный округ,11,0.0,,,Ремонт фундаментов,580.2,"0,00000",,
336926,11851000,5303300,Ненецкий автономный округ,11,0.0,,,Ремонт фундаментов,1041.4,"0,00000",,
336931,11851000,5303500,Ненецкий автономный округ,11,0.0,,,Ремонт фундаментов,832.4,"0,00000",,
336942,11851000,5303500,Ненецкий автономный округ,11,0.0,,,Ремонт фундаментов,832.4,"0,00000",,
336944,11851000,5303700,Ненецкий автономный округ,11,0.0,,,Ремонт фундаментов,842.9,"0,00000",,
336963,11851000,5303900,Ненецкий автономный округ,11,0.0,,,Ремонт фундаментов,571.3,"0,00000",,
336980,11851000,5304100,Ненецкий автономный округ,11,0.0,,,Ремонт фундаментов,813.9,"0,00000",,
336990,11851000,5304111,Ненецкий автономный округ,11,0.0,,,Ремонт фундаментов,775.4,"0,00000",,
336996,11851000,5304111,Ненецкий автономный округ,11,0.0,,,Ремонт фундаментов,775.4,"0,00000",,
337003,11851000,5304112,Ненецкий автономный округ,11,0.0,,,Ремонт фундаментов,935.6,"0,00000",,
337022,11851000,5304300,Ненецкий автономный округ,11,0.0,,,Ремонт фундаментов,1249.3,"0,00000",,
337034,11851000,5304311,Ненецкий автономный округ,11,0.0,,,Ремонт фундаментов,931.7,"0,00000",,
337043,11851000,5304400,Ненецкий автономный округ,11,0.0,,,Ремонт фундаментов,835.5,"0,00000",,
337048,11851000,5304500,Ненецкий автономный округ,11,0.0,,,Ремонт фундаментов,814.9,"0,00000",,
337061,11851000,5304512,Ненецкий автономный округ,11,0.0,,,Ремонт фундаментов,561.0,"0,00000",,
337066,11851000,5304700,Ненецкий автономный округ,11,0.0,,,Ремонт фундаментов,820.9,"0,00000",,
337071,11811000,23000002300,Ненецкий автономный округ,11,0.0,,,Ремонт фундаментов,366.1,"222,62772",,
337078,11811000,23000001600,Ненецкий автономный округ,11,0.0,,,Ремонт фундаментов,358.1,"0,00000",,
337079,11811000,23000001600,Ненецкий автономный округ,11,0.0,,,Ремонт фундаментов,358.1,"0,00000",,
337095,11811000,20000301100,Ненецкий автономный округ,11,0.0,,,Ремонт фундаментов,807.1,"0,00000",,
337099,11811000,20000800100,Ненецкий автономный округ,11,0.0,,,Ремонт фундаментов,363.1,"0,00000",,
337103,11811000,20000800400,Ненецкий автономный округ,11,0.0,,,Ремонт фундаментов,592.4,"0,00000",,
337125,11811000,40000501000,Ненецкий автономный округ,11,0.0,,,Ремонт фундаментов,344.5,"0,00000",,
337132,11811000,40000501600,Ненецкий автономный округ,11,0.0,,,Ремонт фундаментов,344.5,"0,00000",,
337168,11811000,40000600200,Ненецкий автономный округ,11,0.0,,,Ремонт фундаментов,245.3,"0,00000",,
337171,11811000,51002001200,Ненецкий автономный округ,11,0.0,,,Ремонт фундаментов,559.9,"0,00000",,
337180,11811000,51002001200,Ненецкий автономный округ,11,0.0,,,Ремонт фундаментов,559.9,"0,00000",,
337188,11811000,51002001400,Ненецкий автономный округ,11,0.0,,,Ремонт фундаментов,552.3,"0,00000",,
337191,11811000,51002001400,Ненецкий автономный округ,11,0.0,,,Ремонт фундаментов,552.3,"0,00000",,
337200,11811000,51002400300,Ненецкий автономный округ,11,0.0,,,Ремонт фундаментов,808.0,"0,00000",,
337203,11811000,51002400300,Ненецкий автономный округ,11,0.0,,,Ремонт фундаментов,808.0,"0,00000",,
337212,11811000,51002400600,Ненецкий автономный округ,11,0.0,,,Ремонт фундаментов,184.7,"0,00000",,
337214,11811000,51002400600,Ненецкий автономный округ,11,0.0,,,Ремонт фундаментов,184.7,"0,00000",,
337221,11811000,51001900200,Ненецкий автономный округ,11,0.0,,,Ремонт фундаментов,1031.2,"0,00000",,
337231,11811000,51001900200,Ненецкий автономный округ,11,0.0,,,Ремонт фундаментов,1031.2,"0,00000",,
337239,11811000,51001900400,Ненецкий автономный округ,11,0.0,,,Ремонт фундаментов,1069.1,"0,00000",,
337250,11811000,51002600200,Ненецкий автономный округ,9,0.0,,,Ремонт фундаментов,1240.7,"0,00000",,
337254,11811000,51002600400,Ненецкий автономный округ,9,0.0,,,Ремонт фундаментов,2851.4,"0,00000",,
337265,11811000,51000800200,Ненецкий автономный округ,11,0.0,,,Ремонт фундаментов,294.8,"0,00000",,
337278,11811000,51000800600,Ненецкий автономный округ,11,0.0,,,Ремонт фундаментов,341.4,"0,00000",,
337281,11811000,51001401000,Ненецкий автономный округ,11,0.0,,,Ремонт фундаментов,580.0,"0,00000",,
337284,11811000,51001401000,Ненецкий автономный округ,11,0.0,,,Ремонт фундаментов,580.0,"0,00000",,
337296,11811000,51001401011,Ненецкий автономный округ,11,0.0,,,Ремонт фундаментов,563.4,"0,00000",,
337300,11811000,51001401011,Ненецкий автономный округ,11,0.0,,,Ремонт фундаментов,563.4,"0,00000",,
337303,11811000,51001401211,Ненецкий автономный округ,11,0.0,,,Ремонт фундаментов,580.6,"0,00000",,
337310,11811000,51001401400,Ненецкий автономный округ,11,0.0,,,Ремонт фундаментов,575.0,"0,00000",,
337318,11811000,51001401400,Ненецкий автономный округ,11,0.0,,,Ремонт фундаментов,575.0,"0,00000",,
337331,11811000,51001401411,Ненецкий автономный округ,11,0.0,,,Ремонт фундаментов,588.7,"0,00000",,
337344,11811000,51001400500,Ненецкий автономный округ,9,0.0,,,Ремонт фундаментов,1672.0,"0,00000",,
337346,11811000,51001400811,Ненецкий автономный округ,11,0.0,,,Ремонт фундаментов,573.9,"0,00000",,
337351,11811000,51001400811,Ненецкий автономный округ,11,0.0,,,Ремонт фундаментов,573.9,"0,00000",,
337363,11811000,51000200100,Ненецкий автономный округ,9,0.0,,,Ремонт фундаментов,2717.2,"0,00000",,
337383,11811000,51000701700,Ненецкий автономный округ,11,0.0,,,Ремонт фундаментов,745.9,"0,00000",,
337391,11811000,51000701800,Ненецкий автономный округ,11,0.0,,,Ремонт фундаментов,570.5,"0,00000",,
337396,11811000,51000701800,Ненецкий автономный округ,11,0.0,,,Ремонт фундаментов,570.5,"0,00000",,
337408,11811000,51000701811,Ненецкий автономный округ,11,0.0,,,Ремонт фундаментов,565.4,"0,00000",,
337418,11811000,51000701811,Ненецкий автономный округ,11,0.0,,,Ремонт фундаментов,565.4,"0,00000",,
337423,11811000,51000701900,Ненецкий автономный округ,11,0.0,,,Ремонт фундаментов,742.6,"0,00000",,
337432,11811000,51000700112,Ненецкий автономный округ,11,0.0,,,Ремонт фундаментов,584.5,"0,00000",,
337451,11811000,51000702000,Ненецкий автономный округ,11,0.0,,,Ремонт фундаментов,571.1,"0,00000",,
337453,11811000,51000702000,Ненецкий автономный округ,11,0.0,,,Ремонт фундаментов,571.1,"0,00000",,
337465,11811000,51000702011,Ненецкий автономный округ,11,0.0,,,Ремонт фундаментов,840.9,"0,00000",,
337467,11811000,51000702011,Ненецкий автономный округ,11,0.0,,,Ремонт фундаментов,840.9,"0,00000",,
337474,11811000,51000702100,Ненецкий автономный округ,11,0.0,,,Ремонт фундаментов,742.7,"0,00000",,
337477,11811000,51000702200,Ненецкий автономный округ,11,0.0,,,Ремонт фундаментов,845.4,"0,00000",,
337483,11811000,51000702200,Ненецкий автономный округ,11,0.0,,,Ремонт фундаментов,845.4,"0,00000",,
337491,11811000,51000702211,Ненецкий автономный округ,11,0.0,,,Ремонт фундаментов,832.7,"10204,27694",,
337497,11811000,51000702400,Ненецкий автономный округ,11,0.0,,,Ремонт фундаментов,835.6,"0,00000",,
337500,11811000,51000702400,Ненецкий автономный округ,11,0.0,,,Ремонт фундаментов,835.6,"0,00000",,
337506,11811000,51000703000,Ненецкий автономный округ,9,0.0,,,Ремонт фундаментов,1503.3,"0,00000",,
337513,11811000,51000700400,Ненецкий автономный округ,9,0.0,,,Ремонт фундаментов,1788.8,"0,00000",,
337561,11811000,51002300100,Ненецкий автономный округ,11,0.0,,,Ремонт фундаментов,357.5,"0,00000",,
337569,11811000,51002300100,Ненецкий автономный округ,11,0.0,,,Ремонт фундаментов,357.5,"0,00000",,
337574,11811000,51002300200,Ненецкий автономный округ,11,0.0,,,Ремонт фундаментов,369.3,"0,00000",,
337576,11811000,51002300200,Ненецкий автономный округ,11,0.0,,,Ремонт фундаментов,369.3,"0,00000",,
337583,11811000,51002300400,Ненецкий автономный округ,9,0.0,,,Ремонт фундаментов,346.2,"0,00000",,
337585,11811000,51002300400,Ненецкий автономный округ,11,0.0,,,Ремонт фундаментов,346.2,"0,00000",,
337589,11811000,51002300400,Ненецкий автономный округ,11,0.0,,,Ремонт фундаментов,346.2,"0,00000",,
337599,11811000,51002300500,Ненецкий автономный округ,11,0.0,,,Ремонт фундаментов,314.1,"0,00000",,
337604,11811000,51002300500,Ненецкий автономный округ,11,0.0,,,Ремонт фундаментов,314.1,"0,00000",,
337612,11811000,51002300600,Ненецкий автономный округ,11,0.0,,,Ремонт фундаментов,313.1,"0,00000",,
337613,11811000,51002300600,Ненецкий автономный округ,11,0.0,,,Ремонт фундаментов,313.1,"0,00000",,
337621,11811000,51002300600,Ненецкий автономный округ,9,0.0,,,Ремонт фундаментов,313.1,"0,00000",,
337624,11811000,51002300800,Ненецкий автономный округ,11,0.0,,,Ремонт фундаментов,334.4,"0,00000",,
337632,11811000,51002300800,Ненецкий автономный округ,11,0.0,,,Ремонт фундаментов,334.4,"0,00000",,
337644,11811000,51002300900,Ненецкий автономный округ,11,0.0,,,Ремонт фундаментов,391.8,"0,00000",,
337648,11811000,51002300900,Ненецкий автономный округ,11,0.0,,,Ремонт фундаментов,391.8,"0,00000",,
337652,11811000,51002200100,Ненецкий автономный округ,11,0.0,,,Ремонт фундаментов,823.3,"0,00000",,
337658,11811000,51002200100,Ненецкий автономный округ,11,0.0,,,Ремонт фундаментов,823.3,"0,00000",,
337668,11811000,51002201200,Ненецкий автономный округ,9,0.0,,,Ремонт фундаментов,1972.1,"0,00000",,
337680,11811000,51002201714,Ненецкий автономный округ,11,0.0,,,Ремонт фундаментов,1319.0,"0,00000",,
337683,11811000,51002200200,Ненецкий автономный округ,11,0.0,,,Ремонт фундаментов,431.8,"0,00000",,
337695,11811000,51002200211,Ненецкий автономный округ,11,0.0,,,Ремонт фундаментов,445.7,"0,00000",,
337700,11811000,51002200212,Ненецкий автономный округ,11,0.0,,,Ремонт фундаментов,447.1,"0,00000",,
337714,11811000,51002200300,Ненецкий автономный округ,11,0.0,,,Ремонт фундаментов,846.3,"0,00000",,
337716,11811000,51002200300,Ненецкий автономный округ,11,0.0,,,Ремонт фундаментов,846.3,"0,00000",,
337725,11811000,51002200400,Ненецкий автономный округ,11,0.0,,,Ремонт фундаментов,433.5,"0,00000",,
337735,11811000,51002200412,Ненецкий автономный округ,11,0.0,,,Ремонт фундаментов,443.5,"0,00000",,
337748,11811000,51002200600,Ненецкий автономный округ,11,0.0,,,Ремонт фундаментов,842.5,"0,00000",,
337756,11811000,51002200600,Ненецкий автономный округ,11,0.0,,,Ремонт фундаментов,842.5,"0,00000",,
337759,11811000,51002200611,Ненецкий автономный округ,11,0.0,,,Ремонт фундаментов,422.7,"0,00000",,
337764,11811000,51002200611,Ненецкий автономный округ,9,0.0,,,Ремонт фундаментов,422.7,"0,00000",,
337767,11811000,51002200611,Ненецкий автономный округ,11,0.0,,,Ремонт фундаментов,422.7,"0,00000",,
337772,11811000,51002200612,Ненецкий автономный округ,11,0.0,,,Ремонт фундаментов,431.1,"0,00000",,
337780,11811000,51002200613,Ненецкий автономный округ,11,0.0,,,Ремонт фундаментов,448.8,"0,00000",,
337790,11811000,51002200800,Ненецкий автономный округ,11,0.0,,,Ремонт фундаментов,855.2,"0,00000",,
337800,11811000,51002200800,Ненецкий автономный округ,11,0.0,,,Ремонт фундаментов,855.2,"0,00000",,
337801,11811000,51001101800,Ненецкий автономный округ,11,0.0,,,Ремонт фундаментов,870.0,"0,00000",,
337806,11811000,51001101800,Ненецкий автономный округ,11,0.0,,,Ремонт фундаментов,870.0,"0,00000",,
337846,11811000,51002901000,Ненецкий автономный округ,11,0.0,,,Ремонт фундаментов,745.9,"0,00000",,
337860,11811000,51002901011,Ненецкий автономный округ,11,0.0,,,Ремонт фундаментов,747.0,"0,00000",,
337864,11811000,51002901200,Ненецкий автономный округ,11,0.0,,,Ремонт фундаментов,756.8,"0,00000",,
337901,11811000,51002900311,Ненецкий автономный округ,11,0.0,,,Ремонт фундаментов,1393.8,"0,00000",,
337910,11811000,51002900400,Ненецкий автономный округ,9,0.0,,,Ремонт фундаментов,754.3,"0,00000",,
337922,11811000,51002900700,Ненецкий автономный округ,9,0.0,,,Ремонт фундаментов,1668.4,"0,00000",,
337950,11811000,51001801000,Ненецкий автономный округ,11,0.0,,,Ремонт фундаментов,1095.8,"0,00000",,
337958,11811000,51001801011,Ненецкий автономный округ,9,0.0,,,Ремонт фундаментов,1104.0,"0,00000",,
337974,11811000,51001801200,Ненецкий автономный округ,9,0.0,,,Ремонт фундаментов,1635.4,"0,00000",,
337976,11811000,51001801300,Ненецкий автономный округ,9,0.0,,,Ремонт фундаментов,2582.1,"0,00000",,
337983,11811000,51001801400,Ненецкий автономный округ,9,0.0,,,Ремонт фундаментов,2596.4,"0,00000",,
338004,11811000,51001800500,Ненецкий автономный округ,11,0.0,,,Ремонт фундаментов,890.5,"0,00000",,
338005,11811000,51001800700,Ненецкий автономный округ,11,0.0,,,Ремонт фундаментов,1123.9,"0,00000",,
338018,11811000,51001800800,Ненецкий автономный округ,9,0.0,,,Ремонт фундаментов,2258.0,"0,00000",,
338021,11811000,51001800900,Ненецкий автономный округ,11,0.0,,,Ремонт фундаментов,1108.6,"0,00000",,
338022,11811000,51001800900,Ненецкий автономный округ,11,0.0,,,Ремонт фундаментов,1108.6,"0,00000",,
338038,11811000,51001600300,Ненецкий автономный округ,11,0.0,,,Ремонт фундаментов,569.7,"0,00000",,
338046,11811000,51001600300,Ненецкий автономный округ,11,0.0,,,Ремонт фундаментов,569.7,"0,00000",,
338058,11811000,51001600700,Ненецкий автономный округ,11,0.0,,,Ремонт фундаментов,830.2,"0,00000",,
338066,11811000,51001600700,Ненецкий автономный округ,11,0.0,,,Ремонт фундаментов,830.2,"0,00000",,
338075,11811000,51001701000,Ненецкий автономный округ,11,0.0,,,Ремонт фундаментов,1354.0,"0,00000",,
338088,11811000,51001701300,Ненецкий автономный округ,11,0.0,,,Ремонт фундаментов,1348.1,"0,00000",,
338095,11811000,51001701300,Ненецкий автономный округ,11,0.0,,,Ремонт фундаментов,1348.1,"0,00000",,
338097,11811000,51001701800,Ненецкий автономный округ,11,0.0,,,Ремонт фундаментов,932.3,"0,00000",,
338107,11811000,51001701800,Ненецкий автономный округ,11,0.0,,,Ремонт фундаментов,932.3,"0,00000",,
338111,11811000,51001701900,Ненецкий автономный округ,11,0.0,,,Ремонт фундаментов,1023.4,"0,00000",,
338113,11811000,51001701900,Ненецкий автономный округ,11,0.0,,,Ремонт фундаментов,1023.4,"0,00000",,
338124,11811000,51001702500,Ненецкий автономный округ,11,0.0,,,Ремонт фундаментов,927.4,"0,00000",,
338140,11811000,51001702600,Ненецкий автономный округ,11,0.0,,,Ремонт фундаментов,779.9,"0,00000",,
338148,11811000,51001700300,Ненецкий автономный округ,9,0.0,,,Ремонт фундаментов,971.9,"0,00000",,
338159,11811000,51001700311,Ненецкий автономный округ,9,0.0,,,Ремонт фундаментов,1704.5,"0,00000",,
338180,11811000,51001700411,Ненецкий автономный округ,9,0.0,,,Ремонт фундаментов,1630.6,"0,00000",,
338190,11811000,51000403400,Ненецкий автономный округ,11,0.0,,,Ремонт фундаментов,1028.0,"0,00000",,
338193,11811000,51000403400,Ненецкий автономный округ,11,0.0,,,Ремонт фундаментов,1028.0,"0,00000",,
338201,11811000,51001001100,Ненецкий автономный округ,9,0.0,,,Ремонт фундаментов,840.2,"0,00000",,
338211,11811000,51002708000,Ненецкий автономный округ,11,0.0,,,Ремонт фундаментов,910.1,"0,00000",,
338212,11811000,51002708000,Ненецкий автономный округ,11,0.0,,,Ремонт фундаментов,910.1,"0,00000",,
338219,11811000,51002708600,Ненецкий автономный округ,11,0.0,,,Ремонт фундаментов,529.1,"0,00000",,
338226,11811000,51002708600,Ненецкий автономный округ,11,0.0,,,Ремонт фундаментов,529.1,"0,00000",,
338235,11811000,51002708800,Ненецкий автономный округ,11,0.0,,,Ремонт фундаментов,257.6,"0,00000",,
338238,11811000,51002708900,Ненецкий автономный округ,11,0.0,,,Ремонт фундаментов,255.7,"0,00000",,
338246,11811000,51002708900,Ненецкий автономный округ,11,0.0,,,Ремонт фундаментов,255.7,"0,00000",,
338253,11811000,51002709100,Ненецкий автономный округ,11,0.0,,,Ремонт фундаментов,186.8,"0,00000",,
338262,11811000,51002709100,Ненецкий автономный округ,11,0.0,,,Ремонт фундаментов,186.8,"0,00000",,
338277,11811000,8000003100,Ненецкий автономный округ,11,0.0,,,Ремонт фундаментов,580.2,"0,00000",,
338290,11811000,29000013500,Ненецкий автономный округ,11,0.0,,,Ремонт фундаментов,108.3,"0,00000",,
338294,11811000,29000013500,Ненецкий автономный округ,11,0.0,,,Ремонт фундаментов,108.3,"0,00000",,
338298,11811000,29000015921,Ненецкий автономный округ,11,0.0,,,Ремонт фундаментов,104.3,"0,00000",,
338302,11811000,29000015921,Ненецкий автономный округ,11,0.0,,,Ремонт фундаментов,104.3,"0,00000",,
338307,11811000,29000015922,Ненецкий автономный округ,11,0.0,,,Ремонт фундаментов,105.8,"0,00000",,
338310,11811000,29000015922,Ненецкий автономный округ,11,0.0,,,Ремонт фундаментов,105.8,"0,00000",,
338316,11811000,29000000400,Ненецкий автономный округ,11,0.0,,,Ремонт фундаментов,364.5,"0,00000",,
338321,11811000,29000008300,Ненецкий автономный округ,11,0.0,,,Ремонт фундаментов,128.2,"0,00000",,
338325,11811000,29000008300,Ненецкий автономный округ,11,0.0,,,Ремонт фундаментов,128.2,"0,00000",,
338336,11811000,30000601800,Ненецкий автономный округ,11,0.0,,,Ремонт фундаментов,239.0,"0,00000",,
338342,11811000,30000601800,Ненецкий автономный округ,11,0.0,,,Ремонт фундаментов,239.0,"0,00000",,
338352,11811000,30000602000,Ненецкий автономный округ,11,0.0,,,Ремонт фундаментов,178.0,"0,00000",,
338353,11811000,30000602000,Ненецкий автономный округ,11,0.0,,,Ремонт фундаментов,178.0,"0,00000",,
338363,11811000,30000102000,Ненецкий автономный округ,11,0.0,,,Ремонт фундаментов,335.8,"0,00000",,
338378,11811000,34000000912,Ненецкий автономный округ,11,0.0,,,Ремонт фундаментов,856.2,"0,00000",,
338379,11811000,34000000912,Ненецкий автономный округ,11,0.0,,,Ремонт фундаментов,856.2,"0,00000",,
338395,11811000,34000009000,Ненецкий автономный округ,11,0.0,,,Ремонт фундаментов,582.8,"0,00000",,
338398,11811000,34000009000,Ненецкий автономный округ,11,0.0,,,Ремонт фундаментов,582.8,"0,00000",,
338406,11811000,34000000911,Ненецкий автономный округ,11,0.0,,,Ремонт фундаментов,824.7,"0,00000",,
338409,11811000,34000000911,Ненецкий автономный округ,11,0.0,,,Ремонт фундаментов,824.7,"0,00000",,
338416,11811000,34000000900,Ненецкий автономный округ,11,0.0,,,Ремонт фундаментов,831.6,"0,00000",,
338420,11811000,34000000900,Ненецкий автономный округ,11,0.0,,,Ремонт фундаментов,831.6,"0,00000",,
338428,11811000,34000001611,Ненецкий автономный округ,11,0.0,,,Ремонт фундаментов,797.6,"0,00000",,
338432,11811000,34000001611,Ненецкий автономный округ,11,0.0,,,Ремонт фундаментов,797.6,"0,00000",,
338435,11811000,34000001612,Ненецкий автономный округ,11,0.0,,,Ремонт фундаментов,825.2,"0,00000",,
338440,11811000,34000001612,Ненецкий автономный округ,11,0.0,,,Ремонт фундаментов,825.2,"0,00000",,
